clip,model,n_runs,mean_wer,standard_wer,minimum_wer,maximum_wer,spread
idr,base,25,0.307,0.0,0.307,0.307,0.0
idr,base.en,25,0.226,0.0,0.226,0.226,0.0
idr,large-v3,25,0.3546,0.0742,0.247,0.552,0.305
idr,medium,25,0.144,0.0,0.144,0.144,0.0
idr,medium.en,25,0.169,0.0,0.169,0.169,0.0
idr,small,25,0.169,0.0,0.169,0.169,0.0
idr,small.en,25,0.213,0.0,0.213,0.213,0.0
idr,tiny,25,0.3971,0.0412,0.346,0.497,0.151
idr,tiny.en,25,0.318,0.0,0.318,0.318,0.0
idr,turbo,25,0.171,0.0,0.171,0.171,0.0
netconf,base,25,0.351,0.0347,0.29,0.448,0.158
netconf,base.en,25,0.2787,0.032,0.241,0.349,0.108
netconf,large-v3,25,0.2976,0.0618,0.228,0.475,0.247
netconf,medium,25,1.0147,0.0706,0.975,1.287,0.312
netconf,medium.en,25,0.994,0.0,0.994,0.994,0.0
netconf,small,25,0.2892,0.0547,0.219,0.377,0.158
netconf,small.en,25,0.3024,0.0427,0.228,0.37,0.142
netconf,tiny,25,0.3583,0.0295,0.29,0.392,0.102
netconf,tiny.en,25,0.262,0.0,0.262,0.262,0.0
netconf,turbo,25,0.4198,0.0535,0.333,0.574,0.241
lamps,base,25,0.17,0.0,0.17,0.17,0.0
lamps,base.en,25,0.146,0.0,0.146,0.146,0.0
lamps,large-v3,25,0.2932,0.0643,0.18,0.408,0.228
lamps,medium,25,0.128,0.0,0.128,0.128,0.0
lamps,medium.en,25,0.146,0.0,0.146,0.146,0.0
lamps,small,25,0.148,0.0,0.148,0.148,0.0
lamps,small.en,25,0.134,0.0,0.134,0.134,0.0
lamps,tiny,25,0.216,0.0,0.216,0.216,0.0
lamps,tiny.en,25,0.202,0.0,0.202,0.202,0.0
lamps,turbo,25,0.128,0.0,0.128,0.128,0.0
plenary_openmic,base,25,0.177,0.0,0.177,0.177,0.0
plenary_openmic,base.en,25,0.209,0.0,0.209,0.209,0.0
plenary_openmic,large-v3,25,0.2981,0.0446,0.203,0.361,0.158
plenary_openmic,medium,25,0.1915,0.0177,0.151,0.223,0.072
plenary_openmic,medium.en,25,0.148,0.0,0.148,0.148,0.0
plenary_openmic,small,25,0.1953,0.1022,0.145,0.68,0.535
plenary_openmic,small.en,25,0.134,0.0,0.134,0.134,0.0
plenary_openmic,tiny,25,0.215,0.0101,0.193,0.234,0.041
plenary_openmic,tiny.en,25,0.219,0.0148,0.183,0.261,0.078
plenary_openmic,turbo,25,0.198,0.0,0.198,0.198,0.0
plenary_full,base,25,0.203,0.0457,0.18,0.421,0.241
plenary_full,base.en,25,0.1761,0.0091,0.16,0.191,0.031
plenary_full,large-v3,25,0.3452,0.1523,0.249,0.768,0.519
plenary_full,medium,25,0.1474,0.0087,0.135,0.165,0.03
plenary_full,medium.en,25,0.142,0.0072,0.125,0.16,0.035
plenary_full,small,25,0.1807,0.0803,0.149,0.563,0.414
plenary_full,small.en,25,0.1606,0.0066,0.148,0.177,0.029
plenary_full,tiny,25,0.2102,0.0051,0.199,0.217,0.018
plenary_full,tiny.en,25,0.1914,0.0082,0.178,0.209,0.031
plenary_full,turbo,25,0.1809,0.0149,0.158,0.206,0.048
