group_acronym,group_full_name,area,active_drafts,draft_rank,attendance_rank,had_session,bluesheet_found,avg_attendance
idr,Inter-Domain Routing,rtg,59,1,14,True,True,105.7
bess,BGP Enabled ServiceS,rtg,22,2,33,True,True,69.0
core,Constrained RESTful Environments,wit,22,2,94,True,True,32.0
pce,Path Computation Element,rtg,22,2,55,True,True,54.7
spring,Source Packet Routing in Networking,rtg,21,5,22,True,True,89.3
teas,Traffic Engineering Architecture and Signaling,rtg,21,5,28,True,True,73.3
lamps,Limited Additional Mechanisms for PKIX and SMIME,sec,19,7,20,True,True,94.0
lsr,Link State Routing,rtg,19,7,40,True,True,65.7
ccamp,Common Control and Measurement Plane,rtg,18,9,80,True,True,37.7
ipsecme,IP Security Maintenance and Extensions,sec,18,9,53,True,True,57.3
netconf,Network Configuration,ops,18,9,30,True,True,71.0
grow,Global Routing Operations,ops,17,12,49,True,True,62.0
regext,Registration Protocols Extensions,ops,16,13,66,True,True,44.0
detnet,Deterministic Networking,rtg,15,14,54,True,True,55.3
lisp,Locator/ID Separation Protocol,rtg,15,14,109,True,True,22.5
mailmaint,Mail Maintenance,art,15,14,83,True,True,37.3
oauth,Web Authorization Protocol,sec,15,14,12,True,True,110.3
sidrops,SIDR Operations,ops,15,14,25,True,True,84.3
netmod,Network Modeling,ops,14,19,57,True,True,52.0
opsawg,Operations and Management Area Working Group,ops,14,19,42,True,True,65.0
rats,Remote ATtestation ProcedureS,sec,14,19,37,True,True,67.3
pim,Protocols for IP Multicast,rtg,13,22,71,True,True,41.3
6man,IPv6 Maintenance,int,12,23,24,True,True,87.0
avtcore,Audio/Video Transport Core Maintenance,wit,12,23,88,True,True,35.0
dnsop,Domain Name System Operations,ops,12,23,6,True,True,138.3
ippm,IP Performance Measurement,ops,12,23,42,True,True,65.0
mpls,Multiprotocol Label Switching,rtg,12,23,51,True,True,57.7
rtgwg,Routing Area Working Group,rtg,12,23,10,True,True,130.0
v6ops,IPv6 Operations,ops,12,23,18,True,True,95.7
httpbis,HTTP,wit,11,30,31,True,True,69.7
tls,Transport Layer Security,sec,11,30,5,True,True,143.0
cdni,Content Delivery Networks Interconnection,wit,10,32,109,True,True,22.5
nmop,Network Management Operations,ops,10,32,21,True,True,93.0
ace,Authentication and Authorization for Constrained Environments,sec,9,34,105,True,True,25.3
dtn,Delay/Disruption Tolerant Networking,int,9,34,67,True,True,43.0
emu,EAP Method Update,sec,9,34,80,True,True,37.7
anima,Autonomic Networking Integrated Model and Approach,ops,8,37,97,True,True,30.3
bier,Bit Indexed Explicit Replication,rtg,8,37,111,True,True,21.3
jose,Javascript Object Signing and Encryption,sec,8,37,62,True,True,46.3
lake,Lightweight Authenticated Key Exchange,sec,8,37,61,True,True,47.7
moq,Media Over QUIC,wit,8,37,16,True,True,101.3
acme,Automated Certificate Management Environment,sec,7,42,56,True,True,52.7
jmap,JSON Mail Access Protocol,art,7,42,94,True,True,32.0
mls,Messaging Layer Security,sec,7,42,48,True,True,62.3
nfsv4,Network File System Version 4,wit,7,42,117,True,True,14.5
wimse,Workload Identity in Multi System Environments,art,7,42,36,True,True,67.7
asdf,A Semantic Definition Format for Data and Interactions of Things,art,6,47,104,True,True,25.5
calext,Calendaring Extensions,art,6,47,N/A,False,False,0.0
cose,CBOR Object Signing and Encryption,sec,6,47,46,True,True,63.3
dkim,Domain Keys Identified Mail,art,6,47,80,True,True,37.7
green,Getting Ready for Energy-Efficient Networking,ops,6,47,25,True,True,84.3
manet,Mobile Ad-hoc Networks,rtg,6,47,114,True,True,19.7
masque,Multiplexed Application Substrate over QUIC Encryption,wit,6,47,37,True,True,67.3
openpgp,Open Specification for Pretty Good Privacy,sec,6,47,76,True,True,39.5
privacypass,Privacy Pass,sec,6,47,34,True,True,68.5
radext,RADIUS EXTensions,sec,6,47,97,True,True,30.3
tsvwg,Transport and Services Working Group,wit,6,47,31,True,True,69.7
bfd,Bidirectional Forwarding Detection,rtg,5,58,N/A,False,False,0.0
bmwg,Benchmarking Methodology,ops,5,58,67,True,True,43.0
cbor,Concise Binary Object Representation Maintenance and Extensions,art,5,58,88,True,True,35.0
intarea,Internet Area Working Group,int,5,58,27,True,True,75.3
ivy,Network Inventory YANG,ops,5,58,78,True,True,39.0
mboned,MBONE Deployment,ops,5,58,103,True,True,26.0
quic,QUIC,wit,5,58,11,True,True,124.3
rpp,RESTful Provisioning Protocol,art,5,58,75,True,True,39.7
savnet,Source Address Validation in Intra-domain and Inter-domain Networks,rtg,5,58,86,True,True,36.0
schc,Static Context Header Compression,int,5,58,91,True,True,33.5
sshm,Secure Shell Maintenance,sec,5,58,59,True,True,50.0
tvr,Time-Variant Routing,rtg,5,58,71,True,True,41.3
6lo,IPv6 over Networks of Resource-constrained Nodes,int,4,70,97,True,True,30.3
cats,Computing-Aware Traffic Steering,rtg,4,70,35,True,True,68.3
ccwg,Congestion Control Working Group,wit,4,70,19,True,True,95.0
dmm,Distributed Mobility Management,int,4,70,101,True,True,28.0
httpapi,Building Blocks for HTTP APIs,wit,4,70,92,True,True,32.5
ianabis,Update to IANA Considerations,gen,4,70,58,True,True,50.7
iotops,IOT Operations,ops,4,70,60,True,True,48.5
ntp,Network Time Protocols,int,4,70,93,True,True,32.3
stir,Secure Telephone Identity Revisited,art,4,70,107,True,True,23.5
tcpm,TCP Maintenance and Minor Extensions,wit,4,70,65,True,True,44.3
tiptop,Taking IP To Other Planets,int,4,70,15,True,True,102.0
kitten,Common Authentication Technology Next Generation,sec,3,81,N/A,False,False,0.0
mlcodec,Machine Learning for Audio Coding,art,3,81,113,True,True,20.0
roll,Routing Over Low power and Lossy networks,rtg,3,81,119,True,True,8.0
satp,Secure Asset Transfer Protocol,art,3,81,112,True,True,21.0
sml,Structured Email,art,3,81,105,True,True,25.3
spice,Secure Patterns for Internet CrEdentials,sec,3,81,47,True,True,62.7
suit,Software Updates for Internet of Things,sec,3,81,86,True,True,36.0
vcon,Virtualized Conversations,art,3,81,102,True,True,26.5
webtrans,WebTransport,wit,3,81,45,True,True,64.7
aipref,AI Preferences,wit,2,90,7,True,True,138.0
cellar,Codec Encoding for LossLess Archiving and Realtime transmission,art,2,90,N/A,False,False,0.0
dconn,Domain Connect,ops,2,90,70,True,True,42.0
dmarc,"Domain-based Message Authentication, Reporting & Conformance",art,2,90,74,True,True,41.0
dnssd,Extensions for Scalable DNS Service Discovery,int,2,90,63,True,True,45.0
ediint,Electronic Data Interchange-Internet Integration,art,2,90,N/A,False,False,0.0
emailcore,Revision of core Email specifications,art,2,90,100,True,True,29.0
hpke,"HPKE Publication, Kept Efficient",sec,2,90,N/A,False,False,0.0
keytrans,Key Transparency,sec,2,90,96,True,True,31.7
mimi,More Instant Messaging Interoperability,art,2,90,76,True,True,39.5
plants,"PKI, Logs, And Tree Signatures",sec,2,90,9,True,True,134.0
ppm,Privacy Preserving Measurement,sec,2,90,N/A,False,False,0.0
pquip,Post-Quantum Use In Protocols,sec,2,90,8,True,True,135.5
procon,Process Document Consolidation,gen,2,90,79,True,True,38.3
rift,Routing In Fat Trees,rtg,2,90,117,True,True,14.5
scitt,"Supply Chain Integrity, Transparency, and Trust",sec,2,90,41,True,True,65.5
srv6ops,SRv6 Operations,ops,2,90,23,True,True,87.3
uta,Using TLS in Applications,sec,2,90,N/A,False,False,0.0
dance,DANE Authentication for Network Clients Everywhere,sec,1,108,63,True,True,45.0
deleg,DNS Delegation,int,1,108,17,True,True,96.0
diem,Digital Emblems,art,1,108,28,True,True,73.3
dult,Detecting Unwanted Location Trackers,sec,1,108,67,True,True,43.0
ecrit,Emergency Context Resolution with Internet Technologies,art,1,108,N/A,False,False,0.0
happy,Heuristics and Algorithms to Prioritize Protocol deploYment,wit,1,108,51,True,True,57.7
jsonschema,JSON Schema,art,1,108,N/A,False,False,0.0
lsvr,Link State Vector Routing,rtg,1,108,85,True,True,36.5
mediaman,Media Type Maintenance,art,1,108,115,True,True,18.3
modpod,MODeration PrOceDures,gen,1,108,108,True,True,23.0
nvo3,Network Virtualization Overlays,rtg,1,108,N/A,False,False,0.0
ocm,Open Cloud Mesh,art,1,108,N/A,False,False,0.0
scim,System for Cross-domain Identity Management,sec,1,108,71,True,True,41.3
scone,Standard Communication with Network Elements,wit,1,108,42,True,True,65.0
sipcore,Session Initiation Protocol Core,art,1,108,N/A,False,False,0.0
snac,Stub Network Auto Configuration for IPv6,int,1,108,88,True,True,35.0
wish,WebRTC Ingest Signaling over HTTPS,wit,1,108,116,True,True,18.0
add,Adaptive DNS Discovery,int,0,125,50,True,True,60.5
atp,Authenticated Transfer,art,0,125,4,True,True,144.0
bpf,BPF/eBPF,int,0,125,N/A,False,False,0.0
dhc,Dynamic Host Configuration,int,0,125,N/A,False,False,0.0
dispatch,Dispatch,art,0,125,2,True,True,209.3
gendispatch,General Area Dispatch,gen,0,125,13,True,True,108.0
mops,Media OPerationS,ops,0,125,84,True,True,37.0
onsen,Operationalizing Network & SErvice abstractioNs,ops,0,125,1,True,True,239.0
seat,Secure Evidence and Attestation Transport,sec,0,125,39,True,True,66.5
secdispatch,Security Dispatch,sec,0,125,N/A,False,False,0.0
webbotauth,Web Bot Auth,wit,0,125,3,True,True,188.5
