clip,model,wer,trr
idr,tiny,0.392,0.0909
idr,tiny.en,0.318,0.5455
idr,base,0.307,0.4545
idr,base.en,0.226,0.4545
idr,small,0.169,0.5455
idr,small.en,0.213,0.8182
idr,medium,0.144,0.7273
idr,medium.en,0.169,0.6364
idr,large-v3,0.213,0.6364
idr,turbo,0.171,0.7273
netconf,tiny,0.398,0.08
netconf,tiny.en,0.262,0.4
netconf,base,0.333,0.24
netconf,base.en,0.256,0.28
netconf,small,0.324,0.6
netconf,small.en,0.219,0.56
netconf,medium,0.969,0.24
netconf,medium.en,0.994,0.0
netconf,large-v3,0.284,0.56
netconf,turbo,0.355,0.52
lamps,tiny,0.216,0.84
lamps,tiny.en,0.202,0.8
lamps,base,0.17,0.84
lamps,base.en,0.146,0.96
lamps,small,0.148,0.88
lamps,small.en,0.134,0.88
lamps,medium,0.128,0.88
lamps,medium.en,0.146,0.8
lamps,large-v3,0.375,0.84
lamps,turbo,0.128,0.84
plenary_openmic,tiny,0.209,0.3059
plenary_openmic,tiny.en,0.218,0.3294
plenary_openmic,base,0.177,0.4118
plenary_openmic,base.en,0.209,0.3529
plenary_openmic,small,0.149,0.4118
plenary_openmic,small.en,0.134,0.5176
plenary_openmic,medium,0.222,0.7176
plenary_openmic,medium.en,0.148,0.7059
plenary_openmic,large-v3,0.247,0.6
plenary_openmic,turbo,0.198,0.7294
plenary_full,tiny,0.213,0.3309
plenary_full,tiny.en,0.191,0.5662
plenary_full,base,0.191,0.4853
plenary_full,base.en,0.171,0.4118
plenary_full,small,0.159,0.6029
plenary_full,small.en,0.169,0.6618
plenary_full,medium,0.15,0.6618
plenary_full,medium.en,0.133,0.6691
plenary_full,large-v3,0.284,0.75
plenary_full,turbo,0.19,0.75
