clip,model,technique,wer
idr,tiny,baseline,0.407
idr,tiny,no_prev_text,0.312
idr,tiny,higher_no_speech,0.392
idr,tiny,forced_english,0.431
idr,tiny,combined,0.312
idr,base,baseline,0.307
idr,base,no_prev_text,0.233
idr,base,higher_no_speech,0.307
idr,base,forced_english,0.307
idr,base,combined,0.233
idr,medium,baseline,0.144
idr,medium,no_prev_text,0.172
idr,medium,higher_no_speech,0.144
idr,medium,forced_english,0.144
idr,medium,combined,0.172
idr,medium.en,baseline,0.169
idr,medium.en,no_prev_text,0.174
idr,medium.en,higher_no_speech,0.169
idr,medium.en,forced_english,0.169
idr,medium.en,combined,0.174
idr,large-v3,baseline,0.422
idr,large-v3,no_prev_text,0.152
idr,large-v3,higher_no_speech,0.314
idr,large-v3,forced_english,0.297
idr,large-v3,combined,0.152
idr,turbo,baseline,0.171
idr,turbo,no_prev_text,0.159
idr,turbo,higher_no_speech,0.171
idr,turbo,forced_english,0.171
idr,turbo,combined,0.159
netconf,tiny,baseline,0.33
netconf,tiny,no_prev_text,0.312
netconf,tiny,higher_no_speech,0.367
netconf,tiny,forced_english,0.349
netconf,tiny,combined,0.312
netconf,base,baseline,0.389
netconf,base,no_prev_text,0.278
netconf,base,higher_no_speech,0.281
netconf,base,forced_english,0.417
netconf,base,combined,0.278
netconf,medium,baseline,0.975
netconf,medium,no_prev_text,1.114
netconf,medium,higher_no_speech,0.978
netconf,medium,forced_english,0.275
netconf,medium,combined,1.108
netconf,medium.en,baseline,0.994
netconf,medium.en,no_prev_text,0.204
netconf,medium.en,higher_no_speech,0.994
netconf,medium.en,forced_english,0.994
netconf,medium.en,combined,0.204
netconf,large-v3,baseline,0.269
netconf,large-v3,no_prev_text,0.182
netconf,large-v3,higher_no_speech,0.312
netconf,large-v3,forced_english,0.293
netconf,large-v3,combined,0.182
netconf,turbo,baseline,0.534
netconf,turbo,no_prev_text,0.207
netconf,turbo,higher_no_speech,0.54
netconf,turbo,forced_english,0.515
netconf,turbo,combined,0.207
lamps,tiny,baseline,0.216
lamps,tiny,no_prev_text,0.22
lamps,tiny,higher_no_speech,0.216
lamps,tiny,forced_english,0.216
lamps,tiny,combined,0.219
lamps,base,baseline,0.17
lamps,base,no_prev_text,0.181
lamps,base,higher_no_speech,0.17
lamps,base,forced_english,0.17
lamps,base,combined,0.181
lamps,medium,baseline,0.128
lamps,medium,no_prev_text,0.128
lamps,medium,higher_no_speech,0.128
lamps,medium,forced_english,0.128
lamps,medium,combined,0.128
lamps,medium.en,baseline,0.146
lamps,medium.en,no_prev_text,0.202
lamps,medium.en,higher_no_speech,0.146
lamps,medium.en,forced_english,0.146
lamps,medium.en,combined,0.202
lamps,large-v3,baseline,0.348
lamps,large-v3,no_prev_text,0.132
lamps,large-v3,higher_no_speech,0.359
lamps,large-v3,forced_english,0.575
lamps,large-v3,combined,0.132
lamps,turbo,baseline,0.128
lamps,turbo,no_prev_text,0.131
lamps,turbo,higher_no_speech,0.128
lamps,turbo,forced_english,0.128
lamps,turbo,combined,0.131
plenary_openmic,tiny,baseline,0.191
plenary_openmic,tiny,no_prev_text,0.196
plenary_openmic,tiny,higher_no_speech,0.204
plenary_openmic,tiny,forced_english,0.217
plenary_openmic,tiny,combined,0.196
plenary_openmic,base,baseline,0.177
plenary_openmic,base,no_prev_text,0.172
plenary_openmic,base,higher_no_speech,0.177
plenary_openmic,base,forced_english,0.177
plenary_openmic,base,combined,0.181
plenary_openmic,medium,baseline,0.21
plenary_openmic,medium,no_prev_text,0.138
plenary_openmic,medium,higher_no_speech,0.208
plenary_openmic,medium,forced_english,0.161
plenary_openmic,medium,combined,0.138
plenary_openmic,medium.en,baseline,0.148
plenary_openmic,medium.en,no_prev_text,0.137
plenary_openmic,medium.en,higher_no_speech,0.148
plenary_openmic,medium.en,forced_english,0.148
plenary_openmic,medium.en,combined,0.15
plenary_openmic,large-v3,baseline,0.268
plenary_openmic,large-v3,no_prev_text,0.144
plenary_openmic,large-v3,higher_no_speech,0.315
plenary_openmic,large-v3,forced_english,0.206
plenary_openmic,large-v3,combined,0.144
plenary_openmic,turbo,baseline,0.198
plenary_openmic,turbo,no_prev_text,0.132
plenary_openmic,turbo,higher_no_speech,0.198
plenary_openmic,turbo,forced_english,0.198
plenary_openmic,turbo,combined,0.132
plenary_full,tiny,baseline,0.202
plenary_full,tiny,no_prev_text,0.194
plenary_full,tiny,higher_no_speech,0.209
plenary_full,tiny,forced_english,0.215
plenary_full,tiny,combined,0.196
plenary_full,base,baseline,0.215
plenary_full,base,no_prev_text,0.17
plenary_full,base,higher_no_speech,0.381
plenary_full,base,forced_english,0.192
plenary_full,base,combined,0.169
plenary_full,medium,baseline,0.146
plenary_full,medium,no_prev_text,0.132
plenary_full,medium,higher_no_speech,0.149
plenary_full,medium,forced_english,0.177
plenary_full,medium,combined,0.134
plenary_full,medium.en,baseline,0.144
plenary_full,medium.en,no_prev_text,0.132
plenary_full,medium.en,higher_no_speech,0.136
plenary_full,medium.en,forced_english,0.127
plenary_full,medium.en,combined,0.132
plenary_full,large-v3,baseline,0.28
plenary_full,large-v3,no_prev_text,0.144
plenary_full,large-v3,higher_no_speech,0.278
plenary_full,large-v3,forced_english,0.29
plenary_full,large-v3,combined,0.145
plenary_full,turbo,baseline,0.179
plenary_full,turbo,no_prev_text,0.145
plenary_full,turbo,higher_no_speech,0.186
plenary_full,turbo,forced_english,0.183
plenary_full,turbo,combined,0.141
