clip,model,run,wer
idr,base,1,0.307
idr,base,2,0.307
idr,base,3,0.307
idr,base,4,0.307
idr,base,5,0.307
idr,base,6,0.307
idr,base,7,0.307
idr,base,8,0.307
idr,base,9,0.307
idr,base,10,0.307
idr,base,11,0.307
idr,base,12,0.307
idr,base,13,0.307
idr,base,14,0.307
idr,base,15,0.307
idr,base,16,0.307
idr,base,17,0.307
idr,base,18,0.307
idr,base,19,0.307
idr,base,20,0.307
idr,base,21,0.307
idr,base,22,0.307
idr,base,23,0.307
idr,base,24,0.307
idr,base,25,0.307
idr,base.en,1,0.226
idr,base.en,2,0.226
idr,base.en,3,0.226
idr,base.en,4,0.226
idr,base.en,5,0.226
idr,base.en,6,0.226
idr,base.en,7,0.226
idr,base.en,8,0.226
idr,base.en,9,0.226
idr,base.en,10,0.226
idr,base.en,11,0.226
idr,base.en,12,0.226
idr,base.en,13,0.226
idr,base.en,14,0.226
idr,base.en,15,0.226
idr,base.en,16,0.226
idr,base.en,17,0.226
idr,base.en,18,0.226
idr,base.en,19,0.226
idr,base.en,20,0.226
idr,base.en,21,0.226
idr,base.en,22,0.226
idr,base.en,23,0.226
idr,base.en,24,0.226
idr,base.en,25,0.226
idr,large-v3,1,0.324
idr,large-v3,2,0.247
idr,large-v3,3,0.312
idr,large-v3,4,0.368
idr,large-v3,5,0.257
idr,large-v3,6,0.419
idr,large-v3,7,0.334
idr,large-v3,8,0.446
idr,large-v3,9,0.397
idr,large-v3,10,0.258
idr,large-v3,11,0.356
idr,large-v3,12,0.318
idr,large-v3,13,0.552
idr,large-v3,14,0.367
idr,large-v3,15,0.363
idr,large-v3,16,0.326
idr,large-v3,17,0.416
idr,large-v3,18,0.345
idr,large-v3,19,0.282
idr,large-v3,20,0.478
idr,large-v3,21,0.446
idr,large-v3,22,0.275
idr,large-v3,23,0.355
idr,large-v3,24,0.316
idr,large-v3,25,0.307
idr,medium,1,0.144
idr,medium,2,0.144
idr,medium,3,0.144
idr,medium,4,0.144
idr,medium,5,0.144
idr,medium,6,0.144
idr,medium,7,0.144
idr,medium,8,0.144
idr,medium,9,0.144
idr,medium,10,0.144
idr,medium,11,0.144
idr,medium,12,0.144
idr,medium,13,0.144
idr,medium,14,0.144
idr,medium,15,0.144
idr,medium,16,0.144
idr,medium,17,0.144
idr,medium,18,0.144
idr,medium,19,0.144
idr,medium,20,0.144
idr,medium,21,0.144
idr,medium,22,0.144
idr,medium,23,0.144
idr,medium,24,0.144
idr,medium,25,0.144
idr,medium.en,1,0.169
idr,medium.en,2,0.169
idr,medium.en,3,0.169
idr,medium.en,4,0.169
idr,medium.en,5,0.169
idr,medium.en,6,0.169
idr,medium.en,7,0.169
idr,medium.en,8,0.169
idr,medium.en,9,0.169
idr,medium.en,10,0.169
idr,medium.en,11,0.169
idr,medium.en,12,0.169
idr,medium.en,13,0.169
idr,medium.en,14,0.169
idr,medium.en,15,0.169
idr,medium.en,16,0.169
idr,medium.en,17,0.169
idr,medium.en,18,0.169
idr,medium.en,19,0.169
idr,medium.en,20,0.169
idr,medium.en,21,0.169
idr,medium.en,22,0.169
idr,medium.en,23,0.169
idr,medium.en,24,0.169
idr,medium.en,25,0.169
idr,small,1,0.169
idr,small,2,0.169
idr,small,3,0.169
idr,small,4,0.169
idr,small,5,0.169
idr,small,6,0.169
idr,small,7,0.169
idr,small,8,0.169
idr,small,9,0.169
idr,small,10,0.169
idr,small,11,0.169
idr,small,12,0.169
idr,small,13,0.169
idr,small,14,0.169
idr,small,15,0.169
idr,small,16,0.169
idr,small,17,0.169
idr,small,18,0.169
idr,small,19,0.169
idr,small,20,0.169
idr,small,21,0.169
idr,small,22,0.169
idr,small,23,0.169
idr,small,24,0.169
idr,small,25,0.169
idr,small.en,1,0.213
idr,small.en,2,0.213
idr,small.en,3,0.213
idr,small.en,4,0.213
idr,small.en,5,0.213
idr,small.en,6,0.213
idr,small.en,7,0.213
idr,small.en,8,0.213
idr,small.en,9,0.213
idr,small.en,10,0.213
idr,small.en,11,0.213
idr,small.en,12,0.213
idr,small.en,13,0.213
idr,small.en,14,0.213
idr,small.en,15,0.213
idr,small.en,16,0.213
idr,small.en,17,0.213
idr,small.en,18,0.213
idr,small.en,19,0.213
idr,small.en,20,0.213
idr,small.en,21,0.213
idr,small.en,22,0.213
idr,small.en,23,0.213
idr,small.en,24,0.213
idr,small.en,25,0.213
idr,tiny,1,0.377
idr,tiny,2,0.361
idr,tiny,3,0.41
idr,tiny,4,0.4
idr,tiny,5,0.348
idr,tiny,6,0.356
idr,tiny,7,0.355
idr,tiny,8,0.353
idr,tiny,9,0.39
idr,tiny,10,0.394
idr,tiny,11,0.368
idr,tiny,12,0.394
idr,tiny,13,0.383
idr,tiny,14,0.407
idr,tiny,15,0.39
idr,tiny,16,0.346
idr,tiny,17,0.402
idr,tiny,18,0.49
idr,tiny,19,0.387
idr,tiny,20,0.392
idr,tiny,21,0.41
idr,tiny,22,0.497
idr,tiny,23,0.394
idr,tiny,24,0.465
idr,tiny,25,0.458
idr,tiny.en,1,0.318
idr,tiny.en,2,0.318
idr,tiny.en,3,0.318
idr,tiny.en,4,0.318
idr,tiny.en,5,0.318
idr,tiny.en,6,0.318
idr,tiny.en,7,0.318
idr,tiny.en,8,0.318
idr,tiny.en,9,0.318
idr,tiny.en,10,0.318
idr,tiny.en,11,0.318
idr,tiny.en,12,0.318
idr,tiny.en,13,0.318
idr,tiny.en,14,0.318
idr,tiny.en,15,0.318
idr,tiny.en,16,0.318
idr,tiny.en,17,0.318
idr,tiny.en,18,0.318
idr,tiny.en,19,0.318
idr,tiny.en,20,0.318
idr,tiny.en,21,0.318
idr,tiny.en,22,0.318
idr,tiny.en,23,0.318
idr,tiny.en,24,0.318
idr,tiny.en,25,0.318
idr,turbo,1,0.171
idr,turbo,2,0.171
idr,turbo,3,0.171
idr,turbo,4,0.171
idr,turbo,5,0.171
idr,turbo,6,0.171
idr,turbo,7,0.171
idr,turbo,8,0.171
idr,turbo,9,0.171
idr,turbo,10,0.171
idr,turbo,11,0.171
idr,turbo,12,0.171
idr,turbo,13,0.171
idr,turbo,14,0.171
idr,turbo,15,0.171
idr,turbo,16,0.171
idr,turbo,17,0.171
idr,turbo,18,0.171
idr,turbo,19,0.171
idr,turbo,20,0.171
idr,turbo,21,0.171
idr,turbo,22,0.171
idr,turbo,23,0.171
idr,turbo,24,0.171
idr,turbo,25,0.171
netconf,base,1,0.33
netconf,base,2,0.29
netconf,base,3,0.364
netconf,base,4,0.29
netconf,base,5,0.373
netconf,base,6,0.358
netconf,base,7,0.358
netconf,base,8,0.389
netconf,base,9,0.352
netconf,base,10,0.29
netconf,base,11,0.37
netconf,base,12,0.373
netconf,base,13,0.355
netconf,base,14,0.373
netconf,base,15,0.327
netconf,base,16,0.373
netconf,base,17,0.33
netconf,base,18,0.33
netconf,base,19,0.367
netconf,base,20,0.343
netconf,base,21,0.315
netconf,base,22,0.364
netconf,base,23,0.34
netconf,base,24,0.373
netconf,base,25,0.448
netconf,base.en,1,0.241
netconf,base.en,2,0.324
netconf,base.en,3,0.272
netconf,base.en,4,0.315
netconf,base.en,5,0.315
netconf,base.en,6,0.336
netconf,base.en,7,0.25
netconf,base.en,8,0.318
netconf,base.en,9,0.296
netconf,base.en,10,0.281
netconf,base.en,11,0.284
netconf,base.en,12,0.256
netconf,base.en,13,0.278
netconf,base.en,14,0.269
netconf,base.en,15,0.247
netconf,base.en,16,0.349
netconf,base.en,17,0.284
netconf,base.en,18,0.247
netconf,base.en,19,0.241
netconf,base.en,20,0.275
netconf,base.en,21,0.259
netconf,base.en,22,0.256
netconf,base.en,23,0.247
netconf,base.en,24,0.287
netconf,base.en,25,0.241
netconf,large-v3,1,0.25
netconf,large-v3,2,0.324
netconf,large-v3,3,0.278
netconf,large-v3,4,0.278
netconf,large-v3,5,0.228
netconf,large-v3,6,0.247
netconf,large-v3,7,0.309
netconf,large-v3,8,0.306
netconf,large-v3,9,0.414
netconf,large-v3,10,0.349
netconf,large-v3,11,0.241
netconf,large-v3,12,0.259
netconf,large-v3,13,0.309
netconf,large-v3,14,0.364
netconf,large-v3,15,0.296
netconf,large-v3,16,0.315
netconf,large-v3,17,0.377
netconf,large-v3,18,0.324
netconf,large-v3,19,0.244
netconf,large-v3,20,0.228
netconf,large-v3,21,0.247
netconf,large-v3,22,0.253
netconf,large-v3,23,0.29
netconf,large-v3,24,0.235
netconf,large-v3,25,0.475
netconf,medium,1,0.975
netconf,medium,2,0.985
netconf,medium,3,0.985
netconf,medium,4,1.108
netconf,medium,5,0.981
netconf,medium,6,1.117
netconf,medium,7,0.988
netconf,medium,8,1.093
netconf,medium,9,0.981
netconf,medium,10,1.287
netconf,medium,11,0.981
netconf,medium,12,0.991
netconf,medium,13,0.975
netconf,medium,14,0.985
netconf,medium,15,0.988
netconf,medium,16,0.981
netconf,medium,17,0.978
netconf,medium,18,1.049
netconf,medium,19,1.0
netconf,medium,20,1.006
netconf,medium,21,1.015
netconf,medium,22,0.988
netconf,medium,23,0.975
netconf,medium,24,0.975
netconf,medium,25,0.981
netconf,medium.en,1,0.994
netconf,medium.en,2,0.994
netconf,medium.en,3,0.994
netconf,medium.en,4,0.994
netconf,medium.en,5,0.994
netconf,medium.en,6,0.994
netconf,medium.en,7,0.994
netconf,medium.en,8,0.994
netconf,medium.en,9,0.994
netconf,medium.en,10,0.994
netconf,medium.en,11,0.994
netconf,medium.en,12,0.994
netconf,medium.en,13,0.994
netconf,medium.en,14,0.994
netconf,medium.en,15,0.994
netconf,medium.en,16,0.994
netconf,medium.en,17,0.994
netconf,medium.en,18,0.994
netconf,medium.en,19,0.994
netconf,medium.en,20,0.994
netconf,medium.en,21,0.994
netconf,medium.en,22,0.994
netconf,medium.en,23,0.994
netconf,medium.en,24,0.994
netconf,medium.en,25,0.994
netconf,small,1,0.364
netconf,small,2,0.306
netconf,small,3,0.349
netconf,small,4,0.352
netconf,small,5,0.219
netconf,small,6,0.228
netconf,small,7,0.235
netconf,small,8,0.293
netconf,small,9,0.346
netconf,small,10,0.225
netconf,small,11,0.231
netconf,small,12,0.231
netconf,small,13,0.293
netconf,small,14,0.231
netconf,small,15,0.336
netconf,small,16,0.235
netconf,small,17,0.336
netconf,small,18,0.312
netconf,small,19,0.377
netconf,small,20,0.281
netconf,small,21,0.355
netconf,small,22,0.238
netconf,small,23,0.238
netconf,small,24,0.349
netconf,small,25,0.269
netconf,small.en,1,0.281
netconf,small.en,2,0.253
netconf,small.en,3,0.262
netconf,small.en,4,0.349
netconf,small.en,5,0.37
netconf,small.en,6,0.299
netconf,small.en,7,0.336
netconf,small.en,8,0.287
netconf,small.en,9,0.33
netconf,small.en,10,0.346
netconf,small.en,11,0.355
netconf,small.en,12,0.327
netconf,small.en,13,0.278
netconf,small.en,14,0.315
netconf,small.en,15,0.352
netconf,small.en,16,0.25
netconf,small.en,17,0.287
netconf,small.en,18,0.333
netconf,small.en,19,0.318
netconf,small.en,20,0.315
netconf,small.en,21,0.244
netconf,small.en,22,0.352
netconf,small.en,23,0.228
netconf,small.en,24,0.25
netconf,small.en,25,0.244
netconf,tiny,1,0.38
netconf,tiny,2,0.364
netconf,tiny,3,0.38
netconf,tiny,4,0.392
netconf,tiny,5,0.377
netconf,tiny,6,0.377
netconf,tiny,7,0.389
netconf,tiny,8,0.358
netconf,tiny,9,0.373
netconf,tiny,10,0.373
netconf,tiny,11,0.29
netconf,tiny,12,0.333
netconf,tiny,13,0.34
netconf,tiny,14,0.318
netconf,tiny,15,0.377
netconf,tiny,16,0.377
netconf,tiny,17,0.377
netconf,tiny,18,0.383
netconf,tiny,19,0.343
netconf,tiny,20,0.377
netconf,tiny,21,0.383
netconf,tiny,22,0.358
netconf,tiny,23,0.315
netconf,tiny,24,0.324
netconf,tiny,25,0.299
netconf,tiny.en,1,0.262
netconf,tiny.en,2,0.262
netconf,tiny.en,3,0.262
netconf,tiny.en,4,0.262
netconf,tiny.en,5,0.262
netconf,tiny.en,6,0.262
netconf,tiny.en,7,0.262
netconf,tiny.en,8,0.262
netconf,tiny.en,9,0.262
netconf,tiny.en,10,0.262
netconf,tiny.en,11,0.262
netconf,tiny.en,12,0.262
netconf,tiny.en,13,0.262
netconf,tiny.en,14,0.262
netconf,tiny.en,15,0.262
netconf,tiny.en,16,0.262
netconf,tiny.en,17,0.262
netconf,tiny.en,18,0.262
netconf,tiny.en,19,0.262
netconf,tiny.en,20,0.262
netconf,tiny.en,21,0.262
netconf,tiny.en,22,0.262
netconf,tiny.en,23,0.262
netconf,tiny.en,24,0.262
netconf,tiny.en,25,0.262
netconf,turbo,1,0.417
netconf,turbo,2,0.373
netconf,turbo,3,0.42
netconf,turbo,4,0.414
netconf,turbo,5,0.333
netconf,turbo,6,0.364
netconf,turbo,7,0.435
netconf,turbo,8,0.494
netconf,turbo,9,0.38
netconf,turbo,10,0.417
netconf,turbo,11,0.401
netconf,turbo,12,0.42
netconf,turbo,13,0.401
netconf,turbo,14,0.531
netconf,turbo,15,0.478
netconf,turbo,16,0.46
netconf,turbo,17,0.401
netconf,turbo,18,0.37
netconf,turbo,19,0.574
netconf,turbo,20,0.429
netconf,turbo,21,0.407
netconf,turbo,22,0.417
netconf,turbo,23,0.392
netconf,turbo,24,0.373
netconf,turbo,25,0.395
lamps,base,1,0.17
lamps,base,2,0.17
lamps,base,3,0.17
lamps,base,4,0.17
lamps,base,5,0.17
lamps,base,6,0.17
lamps,base,7,0.17
lamps,base,8,0.17
lamps,base,9,0.17
lamps,base,10,0.17
lamps,base,11,0.17
lamps,base,12,0.17
lamps,base,13,0.17
lamps,base,14,0.17
lamps,base,15,0.17
lamps,base,16,0.17
lamps,base,17,0.17
lamps,base,18,0.17
lamps,base,19,0.17
lamps,base,20,0.17
lamps,base,21,0.17
lamps,base,22,0.17
lamps,base,23,0.17
lamps,base,24,0.17
lamps,base,25,0.17
lamps,base.en,1,0.146
lamps,base.en,2,0.146
lamps,base.en,3,0.146
lamps,base.en,4,0.146
lamps,base.en,5,0.146
lamps,base.en,6,0.146
lamps,base.en,7,0.146
lamps,base.en,8,0.146
lamps,base.en,9,0.146
lamps,base.en,10,0.146
lamps,base.en,11,0.146
lamps,base.en,12,0.146
lamps,base.en,13,0.146
lamps,base.en,14,0.146
lamps,base.en,15,0.146
lamps,base.en,16,0.146
lamps,base.en,17,0.146
lamps,base.en,18,0.146
lamps,base.en,19,0.146
lamps,base.en,20,0.146
lamps,base.en,21,0.146
lamps,base.en,22,0.146
lamps,base.en,23,0.146
lamps,base.en,24,0.146
lamps,base.en,25,0.146
lamps,large-v3,1,0.369
lamps,large-v3,2,0.269
lamps,large-v3,3,0.276
lamps,large-v3,4,0.225
lamps,large-v3,5,0.285
lamps,large-v3,6,0.32
lamps,large-v3,7,0.365
lamps,large-v3,8,0.334
lamps,large-v3,9,0.408
lamps,large-v3,10,0.277
lamps,large-v3,11,0.288
lamps,large-v3,12,0.387
lamps,large-v3,13,0.236
lamps,large-v3,14,0.376
lamps,large-v3,15,0.228
lamps,large-v3,16,0.18
lamps,large-v3,17,0.375
lamps,large-v3,18,0.277
lamps,large-v3,19,0.288
lamps,large-v3,20,0.217
lamps,large-v3,21,0.356
lamps,large-v3,22,0.186
lamps,large-v3,23,0.29
lamps,large-v3,24,0.246
lamps,large-v3,25,0.272
lamps,medium,1,0.128
lamps,medium,2,0.128
lamps,medium,3,0.128
lamps,medium,4,0.128
lamps,medium,5,0.128
lamps,medium,6,0.128
lamps,medium,7,0.128
lamps,medium,8,0.128
lamps,medium,9,0.128
lamps,medium,10,0.128
lamps,medium,11,0.128
lamps,medium,12,0.128
lamps,medium,13,0.128
lamps,medium,14,0.128
lamps,medium,15,0.128
lamps,medium,16,0.128
lamps,medium,17,0.128
lamps,medium,18,0.128
lamps,medium,19,0.128
lamps,medium,20,0.128
lamps,medium,21,0.128
lamps,medium,22,0.128
lamps,medium,23,0.128
lamps,medium,24,0.128
lamps,medium,25,0.128
lamps,medium.en,1,0.146
lamps,medium.en,2,0.146
lamps,medium.en,3,0.146
lamps,medium.en,4,0.146
lamps,medium.en,5,0.146
lamps,medium.en,6,0.146
lamps,medium.en,7,0.146
lamps,medium.en,8,0.146
lamps,medium.en,9,0.146
lamps,medium.en,10,0.146
lamps,medium.en,11,0.146
lamps,medium.en,12,0.146
lamps,medium.en,13,0.146
lamps,medium.en,14,0.146
lamps,medium.en,15,0.146
lamps,medium.en,16,0.146
lamps,medium.en,17,0.146
lamps,medium.en,18,0.146
lamps,medium.en,19,0.146
lamps,medium.en,20,0.146
lamps,medium.en,21,0.146
lamps,medium.en,22,0.146
lamps,medium.en,23,0.146
lamps,medium.en,24,0.146
lamps,medium.en,25,0.146
lamps,small,1,0.148
lamps,small,2,0.148
lamps,small,3,0.148
lamps,small,4,0.148
lamps,small,5,0.148
lamps,small,6,0.148
lamps,small,7,0.148
lamps,small,8,0.148
lamps,small,9,0.148
lamps,small,10,0.148
lamps,small,11,0.148
lamps,small,12,0.148
lamps,small,13,0.148
lamps,small,14,0.148
lamps,small,15,0.148
lamps,small,16,0.148
lamps,small,17,0.148
lamps,small,18,0.148
lamps,small,19,0.148
lamps,small,20,0.148
lamps,small,21,0.148
lamps,small,22,0.148
lamps,small,23,0.148
lamps,small,24,0.148
lamps,small,25,0.148
lamps,small.en,1,0.134
lamps,small.en,2,0.134
lamps,small.en,3,0.134
lamps,small.en,4,0.134
lamps,small.en,5,0.134
lamps,small.en,6,0.134
lamps,small.en,7,0.134
lamps,small.en,8,0.134
lamps,small.en,9,0.134
lamps,small.en,10,0.134
lamps,small.en,11,0.134
lamps,small.en,12,0.134
lamps,small.en,13,0.134
lamps,small.en,14,0.134
lamps,small.en,15,0.134
lamps,small.en,16,0.134
lamps,small.en,17,0.134
lamps,small.en,18,0.134
lamps,small.en,19,0.134
lamps,small.en,20,0.134
lamps,small.en,21,0.134
lamps,small.en,22,0.134
lamps,small.en,23,0.134
lamps,small.en,24,0.134
lamps,small.en,25,0.134
lamps,tiny,1,0.216
lamps,tiny,2,0.216
lamps,tiny,3,0.216
lamps,tiny,4,0.216
lamps,tiny,5,0.216
lamps,tiny,6,0.216
lamps,tiny,7,0.216
lamps,tiny,8,0.216
lamps,tiny,9,0.216
lamps,tiny,10,0.216
lamps,tiny,11,0.216
lamps,tiny,12,0.216
lamps,tiny,13,0.216
lamps,tiny,14,0.216
lamps,tiny,15,0.216
lamps,tiny,16,0.216
lamps,tiny,17,0.216
lamps,tiny,18,0.216
lamps,tiny,19,0.216
lamps,tiny,20,0.216
lamps,tiny,21,0.216
lamps,tiny,22,0.216
lamps,tiny,23,0.216
lamps,tiny,24,0.216
lamps,tiny,25,0.216
lamps,tiny.en,1,0.202
lamps,tiny.en,2,0.202
lamps,tiny.en,3,0.202
lamps,tiny.en,4,0.202
lamps,tiny.en,5,0.202
lamps,tiny.en,6,0.202
lamps,tiny.en,7,0.202
lamps,tiny.en,8,0.202
lamps,tiny.en,9,0.202
lamps,tiny.en,10,0.202
lamps,tiny.en,11,0.202
lamps,tiny.en,12,0.202
lamps,tiny.en,13,0.202
lamps,tiny.en,14,0.202
lamps,tiny.en,15,0.202
lamps,tiny.en,16,0.202
lamps,tiny.en,17,0.202
lamps,tiny.en,18,0.202
lamps,tiny.en,19,0.202
lamps,tiny.en,20,0.202
lamps,tiny.en,21,0.202
lamps,tiny.en,22,0.202
lamps,tiny.en,23,0.202
lamps,tiny.en,24,0.202
lamps,tiny.en,25,0.202
lamps,turbo,1,0.128
lamps,turbo,2,0.128
lamps,turbo,3,0.128
lamps,turbo,4,0.128
lamps,turbo,5,0.128
lamps,turbo,6,0.128
lamps,turbo,7,0.128
lamps,turbo,8,0.128
lamps,turbo,9,0.128
lamps,turbo,10,0.128
lamps,turbo,11,0.128
lamps,turbo,12,0.128
lamps,turbo,13,0.128
lamps,turbo,14,0.128
lamps,turbo,15,0.128
lamps,turbo,16,0.128
lamps,turbo,17,0.128
lamps,turbo,18,0.128
lamps,turbo,19,0.128
lamps,turbo,20,0.128
lamps,turbo,21,0.128
lamps,turbo,22,0.128
lamps,turbo,23,0.128
lamps,turbo,24,0.128
lamps,turbo,25,0.128
plenary_openmic,base,1,0.177
plenary_openmic,base,2,0.177
plenary_openmic,base,3,0.177
plenary_openmic,base,4,0.177
plenary_openmic,base,5,0.177
plenary_openmic,base,6,0.177
plenary_openmic,base,7,0.177
plenary_openmic,base,8,0.177
plenary_openmic,base,9,0.177
plenary_openmic,base,10,0.177
plenary_openmic,base,11,0.177
plenary_openmic,base,12,0.177
plenary_openmic,base,13,0.177
plenary_openmic,base,14,0.177
plenary_openmic,base,15,0.177
plenary_openmic,base,16,0.177
plenary_openmic,base,17,0.177
plenary_openmic,base,18,0.177
plenary_openmic,base,19,0.177
plenary_openmic,base,20,0.177
plenary_openmic,base,21,0.177
plenary_openmic,base,22,0.177
plenary_openmic,base,23,0.177
plenary_openmic,base,24,0.177
plenary_openmic,base,25,0.177
plenary_openmic,base.en,1,0.209
plenary_openmic,base.en,2,0.209
plenary_openmic,base.en,3,0.209
plenary_openmic,base.en,4,0.209
plenary_openmic,base.en,5,0.209
plenary_openmic,base.en,6,0.209
plenary_openmic,base.en,7,0.209
plenary_openmic,base.en,8,0.209
plenary_openmic,base.en,9,0.209
plenary_openmic,base.en,10,0.209
plenary_openmic,base.en,11,0.209
plenary_openmic,base.en,12,0.209
plenary_openmic,base.en,13,0.209
plenary_openmic,base.en,14,0.209
plenary_openmic,base.en,15,0.209
plenary_openmic,base.en,16,0.209
plenary_openmic,base.en,17,0.209
plenary_openmic,base.en,18,0.209
plenary_openmic,base.en,19,0.209
plenary_openmic,base.en,20,0.209
plenary_openmic,base.en,21,0.209
plenary_openmic,base.en,22,0.209
plenary_openmic,base.en,23,0.209
plenary_openmic,base.en,24,0.209
plenary_openmic,base.en,25,0.209
plenary_openmic,large-v3,1,0.345
plenary_openmic,large-v3,2,0.276
plenary_openmic,large-v3,3,0.323
plenary_openmic,large-v3,4,0.338
plenary_openmic,large-v3,5,0.268
plenary_openmic,large-v3,6,0.31
plenary_openmic,large-v3,7,0.217
plenary_openmic,large-v3,8,0.295
plenary_openmic,large-v3,9,0.344
plenary_openmic,large-v3,10,0.251
plenary_openmic,large-v3,11,0.336
plenary_openmic,large-v3,12,0.282
plenary_openmic,large-v3,13,0.26
plenary_openmic,large-v3,14,0.354
plenary_openmic,large-v3,15,0.296
plenary_openmic,large-v3,16,0.25
plenary_openmic,large-v3,17,0.358
plenary_openmic,large-v3,18,0.361
plenary_openmic,large-v3,19,0.26
plenary_openmic,large-v3,20,0.257
plenary_openmic,large-v3,21,0.319
plenary_openmic,large-v3,22,0.344
plenary_openmic,large-v3,23,0.308
plenary_openmic,large-v3,24,0.297
plenary_openmic,large-v3,25,0.203
plenary_openmic,medium,1,0.204
plenary_openmic,medium,2,0.196
plenary_openmic,medium,3,0.162
plenary_openmic,medium,4,0.196
plenary_openmic,medium,5,0.198
plenary_openmic,medium,6,0.166
plenary_openmic,medium,7,0.193
plenary_openmic,medium,8,0.177
plenary_openmic,medium,9,0.217
plenary_openmic,medium,10,0.196
plenary_openmic,medium,11,0.207
plenary_openmic,medium,12,0.188
plenary_openmic,medium,13,0.2
plenary_openmic,medium,14,0.223
plenary_openmic,medium,15,0.178
plenary_openmic,medium,16,0.196
plenary_openmic,medium,17,0.195
plenary_openmic,medium,18,0.168
plenary_openmic,medium,19,0.196
plenary_openmic,medium,20,0.203
plenary_openmic,medium,21,0.191
plenary_openmic,medium,22,0.151
plenary_openmic,medium,23,0.21
plenary_openmic,medium,24,0.17
plenary_openmic,medium,25,0.206
plenary_openmic,medium.en,1,0.148
plenary_openmic,medium.en,2,0.148
plenary_openmic,medium.en,3,0.148
plenary_openmic,medium.en,4,0.148
plenary_openmic,medium.en,5,0.148
plenary_openmic,medium.en,6,0.148
plenary_openmic,medium.en,7,0.148
plenary_openmic,medium.en,8,0.148
plenary_openmic,medium.en,9,0.148
plenary_openmic,medium.en,10,0.148
plenary_openmic,medium.en,11,0.148
plenary_openmic,medium.en,12,0.148
plenary_openmic,medium.en,13,0.148
plenary_openmic,medium.en,14,0.148
plenary_openmic,medium.en,15,0.148
plenary_openmic,medium.en,16,0.148
plenary_openmic,medium.en,17,0.148
plenary_openmic,medium.en,18,0.148
plenary_openmic,medium.en,19,0.148
plenary_openmic,medium.en,20,0.148
plenary_openmic,medium.en,21,0.148
plenary_openmic,medium.en,22,0.148
plenary_openmic,medium.en,23,0.148
plenary_openmic,medium.en,24,0.148
plenary_openmic,medium.en,25,0.148
plenary_openmic,small,1,0.157
plenary_openmic,small,2,0.202
plenary_openmic,small,3,0.18
plenary_openmic,small,4,0.18
plenary_openmic,small,5,0.68
plenary_openmic,small,6,0.148
plenary_openmic,small,7,0.18
plenary_openmic,small,8,0.18
plenary_openmic,small,9,0.18
plenary_openmic,small,10,0.179
plenary_openmic,small,11,0.175
plenary_openmic,small,12,0.186
plenary_openmic,small,13,0.184
plenary_openmic,small,14,0.18
plenary_openmic,small,15,0.151
plenary_openmic,small,16,0.147
plenary_openmic,small,17,0.187
plenary_openmic,small,18,0.205
plenary_openmic,small,19,0.18
plenary_openmic,small,20,0.18
plenary_openmic,small,21,0.174
plenary_openmic,small,22,0.145
plenary_openmic,small,23,0.159
plenary_openmic,small,24,0.184
plenary_openmic,small,25,0.18
plenary_openmic,small.en,1,0.134
plenary_openmic,small.en,2,0.134
plenary_openmic,small.en,3,0.134
plenary_openmic,small.en,4,0.134
plenary_openmic,small.en,5,0.134
plenary_openmic,small.en,6,0.134
plenary_openmic,small.en,7,0.134
plenary_openmic,small.en,8,0.134
plenary_openmic,small.en,9,0.134
plenary_openmic,small.en,10,0.134
plenary_openmic,small.en,11,0.134
plenary_openmic,small.en,12,0.134
plenary_openmic,small.en,13,0.134
plenary_openmic,small.en,14,0.134
plenary_openmic,small.en,15,0.134
plenary_openmic,small.en,16,0.134
plenary_openmic,small.en,17,0.134
plenary_openmic,small.en,18,0.134
plenary_openmic,small.en,19,0.134
plenary_openmic,small.en,20,0.134
plenary_openmic,small.en,21,0.134
plenary_openmic,small.en,22,0.134
plenary_openmic,small.en,23,0.134
plenary_openmic,small.en,24,0.134
plenary_openmic,small.en,25,0.134
plenary_openmic,tiny,1,0.219
plenary_openmic,tiny,2,0.226
plenary_openmic,tiny,3,0.226
plenary_openmic,tiny,4,0.217
plenary_openmic,tiny,5,0.212
plenary_openmic,tiny,6,0.216
plenary_openmic,tiny,7,0.223
plenary_openmic,tiny,8,0.219
plenary_openmic,tiny,9,0.234
plenary_openmic,tiny,10,0.214
plenary_openmic,tiny,11,0.213
plenary_openmic,tiny,12,0.221
plenary_openmic,tiny,13,0.193
plenary_openmic,tiny,14,0.195
plenary_openmic,tiny,15,0.214
plenary_openmic,tiny,16,0.22
plenary_openmic,tiny,17,0.212
plenary_openmic,tiny,18,0.195
plenary_openmic,tiny,19,0.223
plenary_openmic,tiny,20,0.215
plenary_openmic,tiny,21,0.208
plenary_openmic,tiny,22,0.225
plenary_openmic,tiny,23,0.217
plenary_openmic,tiny,24,0.203
plenary_openmic,tiny,25,0.214
plenary_openmic,tiny.en,1,0.253
plenary_openmic,tiny.en,2,0.208
plenary_openmic,tiny.en,3,0.21
plenary_openmic,tiny.en,4,0.216
plenary_openmic,tiny.en,5,0.218
plenary_openmic,tiny.en,6,0.202
plenary_openmic,tiny.en,7,0.229
plenary_openmic,tiny.en,8,0.23
plenary_openmic,tiny.en,9,0.226
plenary_openmic,tiny.en,10,0.218
plenary_openmic,tiny.en,11,0.214
plenary_openmic,tiny.en,12,0.261
plenary_openmic,tiny.en,13,0.22
plenary_openmic,tiny.en,14,0.219
plenary_openmic,tiny.en,15,0.183
plenary_openmic,tiny.en,16,0.213
plenary_openmic,tiny.en,17,0.214
plenary_openmic,tiny.en,18,0.219
plenary_openmic,tiny.en,19,0.22
plenary_openmic,tiny.en,20,0.218
plenary_openmic,tiny.en,21,0.209
plenary_openmic,tiny.en,22,0.213
plenary_openmic,tiny.en,23,0.218
plenary_openmic,tiny.en,24,0.217
plenary_openmic,tiny.en,25,0.226
plenary_openmic,turbo,1,0.198
plenary_openmic,turbo,2,0.198
plenary_openmic,turbo,3,0.198
plenary_openmic,turbo,4,0.198
plenary_openmic,turbo,5,0.198
plenary_openmic,turbo,6,0.198
plenary_openmic,turbo,7,0.198
plenary_openmic,turbo,8,0.198
plenary_openmic,turbo,9,0.198
plenary_openmic,turbo,10,0.198
plenary_openmic,turbo,11,0.198
plenary_openmic,turbo,12,0.198
plenary_openmic,turbo,13,0.198
plenary_openmic,turbo,14,0.198
plenary_openmic,turbo,15,0.198
plenary_openmic,turbo,16,0.198
plenary_openmic,turbo,17,0.198
plenary_openmic,turbo,18,0.198
plenary_openmic,turbo,19,0.198
plenary_openmic,turbo,20,0.198
plenary_openmic,turbo,21,0.198
plenary_openmic,turbo,22,0.198
plenary_openmic,turbo,23,0.198
plenary_openmic,turbo,24,0.198
plenary_openmic,turbo,25,0.198
plenary_full,base,1,0.18
plenary_full,base,2,0.199
plenary_full,base,3,0.197
plenary_full,base,4,0.196
plenary_full,base,5,0.202
plenary_full,base,6,0.189
plenary_full,base,7,0.191
plenary_full,base,8,0.197
plenary_full,base,9,0.198
plenary_full,base,10,0.198
plenary_full,base,11,0.188
plenary_full,base,12,0.201
plenary_full,base,13,0.192
plenary_full,base,14,0.196
plenary_full,base,15,0.196
plenary_full,base,16,0.193
plenary_full,base,17,0.186
plenary_full,base,18,0.198
plenary_full,base,19,0.193
plenary_full,base,20,0.188
plenary_full,base,21,0.201
plenary_full,base,22,0.19
plenary_full,base,23,0.193
plenary_full,base,24,0.421
plenary_full,base,25,0.192
plenary_full,base.en,1,0.164
plenary_full,base.en,2,0.172
plenary_full,base.en,3,0.183
plenary_full,base.en,4,0.162
plenary_full,base.en,5,0.179
plenary_full,base.en,6,0.191
plenary_full,base.en,7,0.172
plenary_full,base.en,8,0.175
plenary_full,base.en,9,0.165
plenary_full,base.en,10,0.18
plenary_full,base.en,11,0.179
plenary_full,base.en,12,0.175
plenary_full,base.en,13,0.178
plenary_full,base.en,14,0.172
plenary_full,base.en,15,0.19
plenary_full,base.en,16,0.178
plenary_full,base.en,17,0.16
plenary_full,base.en,18,0.189
plenary_full,base.en,19,0.163
plenary_full,base.en,20,0.182
plenary_full,base.en,21,0.189
plenary_full,base.en,22,0.174
plenary_full,base.en,23,0.181
plenary_full,base.en,24,0.167
plenary_full,base.en,25,0.182
plenary_full,large-v3,1,0.768
plenary_full,large-v3,2,0.266
plenary_full,large-v3,3,0.273
plenary_full,large-v3,4,0.313
plenary_full,large-v3,5,0.263
plenary_full,large-v3,6,0.47
plenary_full,large-v3,7,0.746
plenary_full,large-v3,8,0.275
plenary_full,large-v3,9,0.279
plenary_full,large-v3,10,0.254
plenary_full,large-v3,11,0.346
plenary_full,large-v3,12,0.355
plenary_full,large-v3,13,0.269
plenary_full,large-v3,14,0.271
plenary_full,large-v3,15,0.297
plenary_full,large-v3,16,0.249
plenary_full,large-v3,17,0.283
plenary_full,large-v3,18,0.313
plenary_full,large-v3,19,0.268
plenary_full,large-v3,20,0.268
plenary_full,large-v3,21,0.303
plenary_full,large-v3,22,0.259
plenary_full,large-v3,23,0.294
plenary_full,large-v3,24,0.674
plenary_full,large-v3,25,0.274
plenary_full,medium,1,0.153
plenary_full,medium,2,0.157
plenary_full,medium,3,0.144
plenary_full,medium,4,0.144
plenary_full,medium,5,0.165
plenary_full,medium,6,0.156
plenary_full,medium,7,0.163
plenary_full,medium,8,0.143
plenary_full,medium,9,0.142
plenary_full,medium,10,0.135
plenary_full,medium,11,0.136
plenary_full,medium,12,0.145
plenary_full,medium,13,0.137
plenary_full,medium,14,0.136
plenary_full,medium,15,0.162
plenary_full,medium,16,0.141
plenary_full,medium,17,0.146
plenary_full,medium,18,0.145
plenary_full,medium,19,0.152
plenary_full,medium,20,0.141
plenary_full,medium,21,0.151
plenary_full,medium,22,0.149
plenary_full,medium,23,0.139
plenary_full,medium,24,0.153
plenary_full,medium,25,0.15
plenary_full,medium.en,1,0.14
plenary_full,medium.en,2,0.148
plenary_full,medium.en,3,0.137
plenary_full,medium.en,4,0.143
plenary_full,medium.en,5,0.16
plenary_full,medium.en,6,0.147
plenary_full,medium.en,7,0.153
plenary_full,medium.en,8,0.144
plenary_full,medium.en,9,0.14
plenary_full,medium.en,10,0.145
plenary_full,medium.en,11,0.146
plenary_full,medium.en,12,0.137
plenary_full,medium.en,13,0.146
plenary_full,medium.en,14,0.141
plenary_full,medium.en,15,0.143
plenary_full,medium.en,16,0.145
plenary_full,medium.en,17,0.134
plenary_full,medium.en,18,0.125
plenary_full,medium.en,19,0.137
plenary_full,medium.en,20,0.133
plenary_full,medium.en,21,0.131
plenary_full,medium.en,22,0.148
plenary_full,medium.en,23,0.143
plenary_full,medium.en,24,0.143
plenary_full,medium.en,25,0.142
plenary_full,small,1,0.164
plenary_full,small,2,0.16
plenary_full,small,3,0.149
plenary_full,small,4,0.16
plenary_full,small,5,0.181
plenary_full,small,6,0.154
plenary_full,small,7,0.563
plenary_full,small,8,0.155
plenary_full,small,9,0.177
plenary_full,small,10,0.153
plenary_full,small,11,0.152
plenary_full,small,12,0.159
plenary_full,small,13,0.175
plenary_full,small,14,0.165
plenary_full,small,15,0.155
plenary_full,small,16,0.176
plenary_full,small,17,0.172
plenary_full,small,18,0.177
plenary_full,small,19,0.161
plenary_full,small,20,0.177
plenary_full,small,21,0.164
plenary_full,small,22,0.156
plenary_full,small,23,0.173
plenary_full,small,24,0.18
plenary_full,small,25,0.159
plenary_full,small.en,1,0.168
plenary_full,small.en,2,0.151
plenary_full,small.en,3,0.162
plenary_full,small.en,4,0.165
plenary_full,small.en,5,0.156
plenary_full,small.en,6,0.161
plenary_full,small.en,7,0.177
plenary_full,small.en,8,0.155
plenary_full,small.en,9,0.153
plenary_full,small.en,10,0.161
plenary_full,small.en,11,0.165
plenary_full,small.en,12,0.17
plenary_full,small.en,13,0.17
plenary_full,small.en,14,0.162
plenary_full,small.en,15,0.158
plenary_full,small.en,16,0.161
plenary_full,small.en,17,0.163
plenary_full,small.en,18,0.156
plenary_full,small.en,19,0.162
plenary_full,small.en,20,0.148
plenary_full,small.en,21,0.153
plenary_full,small.en,22,0.16
plenary_full,small.en,23,0.164
plenary_full,small.en,24,0.155
plenary_full,small.en,25,0.158
plenary_full,tiny,1,0.207
plenary_full,tiny,2,0.209
plenary_full,tiny,3,0.199
plenary_full,tiny,4,0.208
plenary_full,tiny,5,0.212
plenary_full,tiny,6,0.215
plenary_full,tiny,7,0.21
plenary_full,tiny,8,0.216
plenary_full,tiny,9,0.209
plenary_full,tiny,10,0.21
plenary_full,tiny,11,0.206
plenary_full,tiny,12,0.2
plenary_full,tiny,13,0.215
plenary_full,tiny,14,0.202
plenary_full,tiny,15,0.212
plenary_full,tiny,16,0.217
plenary_full,tiny,17,0.217
plenary_full,tiny,18,0.206
plenary_full,tiny,19,0.21
plenary_full,tiny,20,0.208
plenary_full,tiny,21,0.215
plenary_full,tiny,22,0.212
plenary_full,tiny,23,0.214
plenary_full,tiny,24,0.21
plenary_full,tiny,25,0.217
plenary_full,tiny.en,1,0.187
plenary_full,tiny.en,2,0.198
plenary_full,tiny.en,3,0.178
plenary_full,tiny.en,4,0.189
plenary_full,tiny.en,5,0.196
plenary_full,tiny.en,6,0.189
plenary_full,tiny.en,7,0.189
plenary_full,tiny.en,8,0.194
plenary_full,tiny.en,9,0.178
plenary_full,tiny.en,10,0.192
plenary_full,tiny.en,11,0.191
plenary_full,tiny.en,12,0.196
plenary_full,tiny.en,13,0.179
plenary_full,tiny.en,14,0.188
plenary_full,tiny.en,15,0.191
plenary_full,tiny.en,16,0.202
plenary_full,tiny.en,17,0.178
plenary_full,tiny.en,18,0.193
plenary_full,tiny.en,19,0.19
plenary_full,tiny.en,20,0.201
plenary_full,tiny.en,21,0.188
plenary_full,tiny.en,22,0.192
plenary_full,tiny.en,23,0.209
plenary_full,tiny.en,24,0.207
plenary_full,tiny.en,25,0.189
plenary_full,turbo,1,0.18
plenary_full,turbo,2,0.165
plenary_full,turbo,3,0.186
plenary_full,turbo,4,0.204
plenary_full,turbo,5,0.177
plenary_full,turbo,6,0.206
plenary_full,turbo,7,0.173
plenary_full,turbo,8,0.203
plenary_full,turbo,9,0.196
plenary_full,turbo,10,0.165
plenary_full,turbo,11,0.165
plenary_full,turbo,12,0.181
plenary_full,turbo,13,0.158
plenary_full,turbo,14,0.168
plenary_full,turbo,15,0.17
plenary_full,turbo,16,0.171
plenary_full,turbo,17,0.201
plenary_full,turbo,18,0.193
plenary_full,turbo,19,0.165
plenary_full,turbo,20,0.185
plenary_full,turbo,21,0.169
plenary_full,turbo,22,0.194
plenary_full,turbo,23,0.169
plenary_full,turbo,24,0.178
plenary_full,turbo,25,0.201
