clip,model,wer,trr,sbert,bertscore
idr,tiny,0.353,0.2727,0.4381,0.8594
idr,tiny.en,0.318,0.5455,0.6636,0.8848
idr,base,0.307,0.4545,0.6718,0.9009
idr,base.en,0.226,0.4545,0.6817,0.9026
idr,small,0.169,0.5455,0.8671,0.9151
idr,small.en,0.213,0.8182,0.7961,0.905
idr,medium,0.144,0.7273,0.8823,0.9311
idr,medium.en,0.169,0.6364,0.8681,0.9282
idr,large-v3,0.292,0.7273,0.8619,0.9163
idr,turbo,0.171,0.7273,0.8526,0.9395
netconf,tiny,0.352,0.08,0.657,0.8976
netconf,tiny.en,0.262,0.4,0.8222,0.9168
netconf,base,0.293,0.24,0.7171,0.92
netconf,base.en,0.235,0.52,0.8406,0.9227
netconf,small,0.321,0.6,0.7854,0.9103
netconf,small.en,0.216,0.48,0.8443,0.9326
netconf,medium,0.972,0.2,0.1694,0.7275
netconf,medium.en,0.994,0.0,0.0293,0.767
netconf,large-v3,0.241,0.48,0.8555,0.9218
netconf,turbo,0.435,0.52,0.8113,0.909
lamps,tiny,0.216,0.84,0.9182,0.9263
lamps,tiny.en,0.202,0.8,0.9145,0.931
lamps,base,0.17,0.84,0.9169,0.9377
lamps,base.en,0.146,0.96,0.9393,0.9465
lamps,small,0.148,0.88,0.9499,0.9434
lamps,small.en,0.134,0.88,0.9499,0.9479
lamps,medium,0.128,0.88,0.9431,0.9466
lamps,medium.en,0.146,0.8,0.9294,0.949
lamps,large-v3,0.381,0.76,0.7815,0.9201
lamps,turbo,0.128,0.84,0.9064,0.9461
plenary_openmic,tiny,0.187,0.3529,0.88,0.9572
plenary_openmic,tiny.en,0.203,0.3176,0.8619,0.9496
plenary_openmic,base,0.177,0.4118,0.8675,0.9655
plenary_openmic,base.en,0.209,0.3529,0.9158,0.9678
plenary_openmic,small,0.153,0.4706,0.9116,0.9717
plenary_openmic,small.en,0.134,0.5176,0.9168,0.9736
plenary_openmic,medium,0.201,0.7059,0.9234,0.9751
plenary_openmic,medium.en,0.148,0.7059,0.9168,0.9755
plenary_openmic,large-v3,0.33,0.6,0.8972,0.937
plenary_openmic,turbo,0.198,0.7294,0.898,0.9781
plenary_full,tiny,0.208,0.3676,0.7017,0.9515
plenary_full,tiny.en,0.205,0.4706,0.9384,0.961
plenary_full,base,0.205,0.4779,0.7147,0.9542
plenary_full,base.en,0.154,0.4412,0.7043,0.957
plenary_full,small,0.183,0.6324,0.9646,0.963
plenary_full,small.en,0.159,0.6471,0.9312,0.9605
plenary_full,medium,0.155,0.7206,0.9347,0.9666
plenary_full,medium.en,0.14,0.7059,0.9463,0.9584
plenary_full,large-v3,0.292,0.7574,0.9649,0.9288
plenary_full,turbo,0.161,0.7721,0.961,0.9662
