group_acronym,meetings_checked,sessions_attended,sessions_with_bluesheet,total_attendees,avg_attendance
onsen,3,1,1,239,239.0
dispatch,3,3,3,628,209.3
webbotauth,3,2,2,377,188.5
atp,3,1,1,144,144.0
tls,3,3,3,429,143.0
dnsop,3,3,3,415,138.3
aipref,3,3,3,414,138.0
pquip,3,2,2,271,135.5
plants,3,2,2,268,134.0
rtgwg,3,3,3,390,130.0
quic,3,3,3,373,124.3
oauth,3,3,3,331,110.3
gendispatch,3,1,1,108,108.0
idr,3,3,3,317,105.7
tiptop,3,3,3,306,102.0
moq,3,3,3,304,101.3
deleg,3,3,3,288,96.0
v6ops,3,3,3,287,95.7
ccwg,3,3,3,285,95.0
lamps,3,3,3,282,94.0
nmop,3,3,3,279,93.0
spring,3,3,3,268,89.3
srv6ops,3,3,3,262,87.3
6man,3,3,3,261,87.0
sidrops,3,3,3,253,84.3
green,3,3,3,253,84.3
intarea,3,3,3,226,75.3
teas,3,3,3,220,73.3
diem,3,3,3,220,73.3
netconf,3,3,3,213,71.0
tsvwg,3,3,3,209,69.7
httpbis,3,3,3,209,69.7
bess,3,3,3,207,69.0
privacypass,3,2,2,137,68.5
cats,3,3,3,205,68.3
wimse,3,3,3,203,67.7
rats,3,3,3,202,67.3
masque,3,3,3,202,67.3
seat,3,2,2,133,66.5
lsr,3,3,3,197,65.7
scitt,3,2,2,131,65.5
ippm,3,3,3,195,65.0
opsawg,3,3,3,195,65.0
scone,3,3,3,195,65.0
webtrans,3,3,3,194,64.7
cose,3,3,3,190,63.3
spice,3,3,3,188,62.7
mls,3,3,3,187,62.3
grow,3,3,3,186,62.0
add,3,2,2,121,60.5
mpls,3,3,3,173,57.7
happy,3,3,3,173,57.7
ipsecme,3,3,3,172,57.3
detnet,3,3,3,166,55.3
pce,3,3,3,164,54.7
acme,3,3,3,158,52.7
netmod,3,3,3,156,52.0
ianabis,3,3,3,152,50.7
sshm,3,2,2,100,50.0
iotops,3,2,2,97,48.5
lake,3,3,3,143,47.7
jose,3,3,3,139,46.3
dnssd,3,2,2,90,45.0
dance,3,1,1,45,45.0
tcpm,3,3,3,133,44.3
regext,3,3,3,132,44.0
bmwg,3,1,1,43,43.0
dtn,3,3,3,129,43.0
dult,3,1,1,43,43.0
dconn,3,2,2,84,42.0
pim,3,3,3,124,41.3
scim,3,3,3,124,41.3
tvr,3,3,3,124,41.3
dmarc,3,1,1,41,41.0
rpp,3,3,3,119,39.7
openpgp,3,2,2,79,39.5
mimi,3,2,2,79,39.5
ivy,3,3,3,117,39.0
procon,3,3,3,115,38.3
ccamp,3,3,3,113,37.7
dkim,3,3,3,113,37.7
emu,3,3,3,113,37.7
mailmaint,3,3,3,112,37.3
mops,3,3,3,111,37.0
lsvr,3,2,2,73,36.5
suit,3,2,2,72,36.0
savnet,3,3,3,108,36.0
avtcore,3,3,3,105,35.0
cbor,3,3,3,105,35.0
snac,3,2,2,70,35.0
schc,3,2,2,67,33.5
httpapi,3,2,2,65,32.5
ntp,3,3,3,97,32.3
core,3,3,3,96,32.0
jmap,3,3,3,96,32.0
keytrans,3,3,3,95,31.7
radext,3,3,3,91,30.3
6lo,3,3,3,91,30.3
anima,3,3,3,91,30.3
emailcore,3,2,2,58,29.0
dmm,3,3,3,84,28.0
vcon,3,2,2,53,26.5
mboned,3,3,3,78,26.0
asdf,3,2,2,51,25.5
ace,3,3,3,76,25.3
sml,3,3,3,76,25.3
stir,3,2,2,47,23.5
modpod,3,2,2,46,23.0
lisp,3,2,2,45,22.5
cdni,3,2,2,45,22.5
bier,3,3,3,64,21.3
satp,3,3,3,63,21.0
mlcodec,3,2,2,40,20.0
manet,3,3,3,59,19.7
mediaman,3,3,3,55,18.3
wish,3,2,2,36,18.0
nfsv4,3,2,2,29,14.5
rift,3,2,2,29,14.5
roll,3,1,1,8,8.0
dhc,3,0,0,0,0.0
ediint,3,0,0,0,0.0
bfd,3,0,0,0,0.0
kitten,3,0,0,0,0.0
ecrit,3,0,0,0,0.0
sipcore,3,0,0,0,0.0
nvo3,3,0,0,0,0.0
uta,3,0,0,0,0.0
calext,3,0,0,0,0.0
cellar,3,0,0,0,0.0
secdispatch,3,0,0,0,0.0
ppm,3,0,0,0,0.0
bpf,3,0,0,0,0.0
hpke,3,0,0,0,0.0
ocm,3,0,0,0,0.0
jsonschema,3,0,0,0,0.0
